{



    "recommendation": [
      {

          "med": "https://d1tf573zhz3zzy.cloudfront.net/data/content/videos/CantoTranscoded/720p/DMITRY/ul2dqaprm55mnfh5n64idfbp40.mp4"


      },
      {

          "med": "https://d1tf573zhz3zzy.cloudfront.net/data/content/videos/CantoTranscoded/720p/VOYAGE+FOX/hrjml32mgt1hd8ilhah5lr2e5b.mp4"


      },
      {

          "med": "https://d1tf573zhz3zzy.cloudfront.net/data/content/videos/CantoTranscoded/720p/DMITRY/db65l0a78h1rl598ep3vq9j20n.mp4"

      },
      {

          "med": "https://d1tf573zhz3zzy.cloudfront.net/data/content/videos/CantoTranscoded/720p/THE+LOST+TWO/49oe8tmf1d21ldn54g0h2q3j2v.mp4"

      },
      {

          "med": "https://d1tf573zhz3zzy.cloudfront.net/data/content/videos/CantoTranscoded/720p/ASA+STEINAR/6rkvt5ti6t3h7aesv0lasnum12.mp4"

      },
      {
        "med": "https://d1tf573zhz3zzy.cloudfront.net/data/content/videos/CantoTranscoded/720p/ALEX/nkubrhkqtl07rd6hekbjivsv41.mp4"
      }
    ],

  "message": "SuccessFull"
}
